address,is_deleted
"Улица 17 Сентября, 19",0
"Улица 17 Сентября, 48",0
"Улица 17 Сентября, 52",0
"Улица 17 Сентября, 61",0
"Улица 1 Мая, 3  / Академическая улица, 10",0
"Улица 1 Мая, 11",0
"Улица 1 Мая, 14",0
"Улица 1 Мая, 26 / Улица Волковича, 6",0
"2-й переулок Белуша, 2",0
"2-й переулок Белуша, 3",0
"2-й переулок Белуша, 6",0
"2-й переулок Дзержинского, 21",0
"2-й переулок Дзержинского, 23",0
"Академическая улица, 7А",0
"Академическая улица, 16",0
"Улица Аксёнова, 1",0
"Улица Аксёнова, 1 / Краснопартизанская улица, 71",0
"Улица Аксёнова, 2",0
"Улица Аксёнова, 3",0
"Улица Аксёнова, 4",0
"Улица Аксёнова, 10",0
"Площадь Антония Тызенгауза, 2",0
"Площадь Антония Тызенгауза, 3",0
"Площадь Антония Тызенгауза, 3А",0
"Площадь Антония Тызенгауза, 4",0
"Площадь Антония Тызенгауза, 5",0
"Улица Антонова, 1",0
"Улица Антонова, 20",0
"Асфальтная улица, 57",0
"Асфальтная улица, 59",0
"Асфальтная улица, 60",0
"Асфальтная улица, 61",0
"Асфальтная улица, 61А",0
"Асфальтная улица, 63",0
"Асфальтная улица, 63А",0
"Асфальтная улица, 67",0
"Асфальтная улица, 69",0
"Улица Белуша, 18",0
"Улица Белуша, 22",0
"Улица Белуша, 56",0
"Улица Белые Росы, 1",0
"Улица Белые Росы, 1А",0
"Улица Белые Росы, 2",0
"Улица Белые Росы, 3",0
"Улица Белые Росы, 3А",0
"Улица Белые Росы, 7",0
"Улица Белые Росы, 9",0
"Улица Белые Росы, 11",0
"Улица Белые Росы, 13",0
"Улица Белые Росы, 15",0
"Улица Белые Росы, 19",0
"Улица Белые Росы, 21",0
"Улица Белые Росы, 23",0
"Улица Белые Росы, 25",0
"Улица Белые Росы, 29",0
"Улица Белые Росы, 31",0
"Улица Белые Росы, 33",0
"Улица Белые Росы, 37",0
"Улица Белые Росы, 39",0
"Улица Белые Росы, 41",0
"Улица Белые Росы, 43",0
"Улица Белые Росы, 45",0
"Улица Белые Росы, 47",0
"Улица Белые Росы, 49",0
"Улица Белые Росы, 53",0
"Улица Белые Росы, 55",0
"Улица Белые Росы, 57",0
"Улица Белые Росы, 59",0
"Улица Белые Росы, 61",0
"Улица Белые Росы, 65",0
"Улица Белые Росы, 67",0
"Улица Белые Росы, 71",0
"Улица Белые Росы, 71А",0
"Улица Белые Росы, 73",0
"Улица Белые Росы, 77",0
"Улица Белые Росы, 79",0
"Улица Белые Росы, 81",0
"Улица Белые Росы, 83",0
"Улица Белые Росы, 83А",0
"Улица Белые Росы, 85",0
"Берёзовая улица, 2",0
"Улица Болдина, 2",0
"Улица Болдина, 4",0
"Улица Болдина, 4А",0
"Улица Болдина, 6",0
"Улица Болдина, 6А",0
"Улица Болдина, 6Б",0
"Улица Болдина, 6В",0
"Улица Болдина, 6 лит. Г",0
"Улица Болдина, 8",0
"Улица Болдина, 8А",0
"Улица Болдина, 8Б",0
"Улица Болдина, 10",0
"Улица Болдина, 10А",0
"Улица Болдина, 10Б",0
"Улица Болдина, 12А",0
"Улица Болдина, 12В",0
"Улица Болдина, 14",0
"Улица Большая Троицкая, 1",0
"Улица Большая Троицкая, 2",0
"Улица Большая Троицкая, 4",0
"Улица Большая Троицкая, 5А",0
"Улица Большая Троицкая, 11",0
"Улица Большая Троицкая, 15",0
"Улица Большая Троицкая, 16",0
"Улица Большая Троицкая, 17",0
"Улица Большая Троицкая, 21",0
"Улица Большая Троицкая, 32",0
"Улица Большая Троицкая, 37",0
"Улица Большая Троицкая, 38",0
"Улица Большая Троицкая, 39",0
"Улица Большая Троицкая, 40",0
"Улица Большая Троицкая, 41",0
"Улица Большая Троицкая, 42",0
"Улица Большая Троицкая, 44",0
"Улица Большая Троицкая, 46",0
"Улица Большая Троицкая, 48",0
"Улица Большая Троицкая, 50",0
"Улица Большая Троицкая, 51",0
"Улица Большая Троицкая, 59а",0
"Ботаническая улица, 3",0
"Ботаническая улица, 5",0
"Улица Брикеля, 3",0
"Улица Брикеля, 5",0
"Улица Брикеля, 7",0
"Улица Брикеля, 11",0
"Улица Брикеля, 13",0
"Улица Брикеля, 16",0
"Улица Брикеля, 21 корп. 1",0
"Улица Брикеля, 22 корп. 4",0
"Улица Брикеля, 22 корп. 5",0
"Улица Брикеля, 22 корп. 7",0
"Улица Будённого, 2 / Улица Свердлова, 1",0
"Улица Будённого, 4",0
"Улица Будённого, 13",0
"Улица Будённого, 28",0
"Улица Будённого, 37",0
"Улица Будённого, 52",0
"Улица Валентины Макаровой, 2",0
"Улица Валентины Макаровой, 2А",0
"Улица Валентины Макаровой, 2Б",0
"Улица Валентины Макаровой, 5",0
"Улица Валентины Макаровой, 6",0
"Улица Валентины Макаровой, 6А",0
"Улица Валентины Макаровой, 8",0
"Улица Валентины Макаровой, 10",0
"Улица Валентины Макаровой, 14",0
"Улица Валентины Макаровой, 16",0
"Улица Валентины Макаровой, 18",0
"Улица Великая Ольшанка, 7",0
"Улица Великая Ольшанка, 9",0
"Улица Великая Ольшанка, 9А",0
"Улица Великая Ольшанка, 15",0
"Улица Великая Ольшанка, 17",0
"Улица Великая Ольшанка, 25",0
"Улица Великая Ольшанка, 27",0
"Улица Виктора Глухова, 1",0
"Улица Виктора Глухова, 3",0
"Улица Виктора Глухова, 4",0
"Улица Виктора Глухова, 5",0
"Улица Виктора Глухова, 5А",0
"Улица Виктора Глухова, 5В",0
"Улица Виктора Глухова, 6",0
"Улица Виктора Глухова, 8",0
"Улица Виктора Глухова, 9",0
"Улица Виктора Глухова, 10",0
"Улица Виктора Глухова, 11",0
"Улица Виктора Глухова, 12",0
"Улица Виктора Глухова, 13",0
"Улица Виктора Глухова, 14",0
"Улица Виктора Глухова, 15",0
"Улица Виктора Глухова, 16",0
"Улица Виктора Глухова, 17",0
"Улица Виктора Глухова, 18",0
"Улица Виктора Глухова, 21",0
"Улица Виктора Глухова, 22",0
"Улица Виктора Глухова, 26",0
"Улица Виктора Глухова, 30",0
"Улица Виктора Глухова, 32",0
"Улица Виктора Глухова, 33",0
"Улица Виктора Глухова, 34",0
"Улица Виктора Глухова, 36",0
"Улица Виктора Глухова, 40",0
"Улица Виктора Саяпина, 2",0
"Улица Виктора Саяпина, 2А",0
"Улица Виктора Саяпина, 2В",0
"Улица Виктора Саяпина, 4",0
"Улица Виктора Саяпина, 4А",0
"Улица Виктора Саяпина, 4Б",0
"Улица Виктора Саяпина, 6",0
"Улица Виктора Саяпина, 8",0
"Улица Виктора Саяпина, 10",0
"Улица Виктора Саяпина, 12",0
"Улица Виктора Саяпина, 12А",0
"Улица Виктора Саяпина, 18",0
"Улица Виктора Саяпина, 20",0
"Улица Виктора Саяпина, 22",0
"Виленская улица, 6",0
"Виленская улица, 14",0
"Виленская улица, 20",0
"Виленская улица, 22",0
"Вишневецкая улица, 2",0
"Вишневецкая улица, 2А",0
"Вишневецкая улица, 4",0
"Вишневецкая улица, 6",0
"Вишневецкая улица, 8",0
"Вишневецкая улица, 10",0
"Вишневецкая улица, 12",0
"Вишневецкая улица, 14",0
"Вишневецкая улица, 16",0
"Вишневецкая улица, 18",0
Улица Владимира Короткевича / Улица Франтишка Богушевича,0
"Улица Владимира Короткевича, 7",0
"Улица Владимира Короткевича, 9",0
"Улица Владимира Короткевича, 11",0
"Улица Владимира Короткевича, 17",0
"Улица Владимира Короткевича, 19",0
"Улица Воинов-Интернационалистов, 12",0
"Улица Воинов-Интернационалистов, 12А",0
"Улица Воинов-Интернационалистов, 14",0
"Улица Воинов-Интернационалистов, 14А",0
"Улица Воинов-Интернационалистов, 16",0
"Улица Воинов-Интернационалистов, 16А",0
"Улица Волкова, 3",0
"Улица Волковича, 8",0
"Улица Волковича, 9",0
"Улица Волковича, 10",0
"Улица Волковича, 14 / Улица 17 Сентября, 51",0
"Улица Волковича, 23 / Улица 17 Сентября, 53",0
"Улица Врублевкого, 76",0
"Улица Врублевского, 1",0
"Улица Врублевского, 3",0
"Улица Врублевского, 5",0
"Улица Врублевского, 7",0
"Улица Врублевского, 7А",0
"Улица Врублевского, 28",0
"Улица Врублевского, 30",0
"Улица Врублевского, 32",0
"Улица Врублевского, 33",0
"Улица Врублевского, 34",0
"Улица Врублевского, 36",0
"Улица Врублевского, 40",0
"Улица Врублевского, 42",0
"Улица Врублевского, 44",0
"Улица Врублевского, 44А",0
"Улица Врублевского, 44Б",0
"Улица Врублевского, 44В",0
"Улица Врублевского, 46",0
"Улица Врублевского, 46 корп. 1",0
"Улица Врублевского, 48",0
"Улица Врублевского, 50",0
"Улица Врублевского, 56",0
"Улица Гагарина, 3",0
"Улица Гагарина, 6",0
"Улица Гагарина, 13",0
"Улица Гагарина, 19",0
"Улица Гая, 2А",0
"Улица Гая, 3",0
"Улица Гая, 11",0
"Улица Гая, 13",0
"Улица Гоголя, 18",0
"Улица Горновых, 1 / Улица Дарвина, 22",0
"Улица Горновых, 9",0
"Улица Горновых, 31",0
"Улица Горновых, 32",0
"Городничанская улица, 15",0
"Городничанская улица, 15А",0
"Городничанская улица, 19",0
"Городничанская улица, 21",0
"Городничанская улица, 23",0
"Городничанская улица, 24",0
"Городничанская улица, 24 корп. 1",0
"Городничанская улица, 25",0
"Городничанская улица, 29",0
"Городничанская улица, 30",0
"Городничанская улица, 32",0
"Господарчая улица, 19",0
"Господарчая улица, 21А",0
"Господарчая улица, 30",0
"Грандичская улица, 117",0
"Грандичская улица, 123",0
"Улица Давыда Городенского, 8",0
"Улица Дарвина, 20 / Улица Горновых, 6",0
"Улица Дарвина, 24",0
"Площадь Декабристов, 2",0
"Площадь Декабристов, 3",0
"Площадь Декабристов, 4",0
"Площадь Декабристов, 5",0
"Площадь Декабристов, 6",0
"Площадь Декабристов, 7",0
"Площадь Декабристов, 9",0
"Переулок Дзержинского, 10А",0
"Переулок Дзержинского, 10Б",0
"Переулок Дзержинского, 11",0
"Переулок Дзержинского, 12",0
"Переулок Дзержинского, 15",0
"Переулок Дзержинского, 19",0
"Улица Дзержинского, 1",0
"Улица Дзержинского, 2",0
"Улица Дзержинского, 7",0
"Улица Дзержинского, 12",0
"Улица Дзержинского, 23/6",0
"Улица Дзержинского, 32",0
"Улица Дзержинского, 35 корп. 1",0
"Улица Дзержинского, 41 корп. 1",0
"Улица Дзержинского, 58 корп. 1",0
"Улица Дзержинского, 78",0
"Улица Дзержинского, 91",0
"Улица Дзержинского, 94 корп. 1",0
"Улица Дзержинского, 95",0
"Улица Дзержинского, 95 корп. 1",0
"Улица Дзержинского, 97",0
"Улица Дзержинского, 103 корп. 1",0
"Улица Дзержинского, 103 корп. 2",0
"Улица Дзержинского, 109",0
"Улица Дзержинского, 110А",0
"Улица Дзержинского, 111",0
"Улица Дзержинского, 121 корп. 1",0
"Улица Дзержинского, 125А",0
"Улица Дзержинского, 125Б",0
"Улица Дзержинского, 127Б",0
"Улица Дзержинского, 129",0
"Улица Дзержинского, 129 корп. 1",0
"Улица Дзержинского, 131",0
"Улица Дзержинского, 133",0
"Улица Дзержинского, 143",0
"Улица Дзержинского, 161",0
"Улица Дзержинского, 167",0
"Улица Дзержинского, 169",0
"Улица Добролюбова, 29",0
"Переулок Доватора, 2",0
"Переулок Доватора, 4",0
"Переулок Доватора, 4А",0
"Переулок Доватора, 6",0
"Переулок Доватора, 6А",0
"Переулок Доватора, 6Б",0
"Переулок Доватора, 8",0
"Переулок Доватора, 8А",0
"Переулок Доватора, 8Б",0
"Переулок Доватора, 10 / Улица Пушкина, 42",0
"Улица Доватора, 9А",0
"Улица Домбровского, 3",0
"Улица Домбровского, 5",0
"Улица Домбровского, 7",0
"Улица Домбровского, 9",0
"Улица Домбровского, 11",0
"Улица Домбровского, 13",0
"Доминиканская улица, 17",0
"Доминиканская улица, 19",0
"Улица Дубко, 7",0
"Улица Дубко, 9",0
"Улица Дубко, 17",0
"Улица Дубко, 20",0
"Заводская улица, 2",0
"Заводская улица, 13",0
"Заводская улица, 14",0
"Замковая улица, 3",0
"Замковая улица, 4",0
"Замковая улица, 5",0
"Замковая улица, 7",0
"Замковая улица, 11",0
"Замковая улица, 13",0
"Замковая улица, 14",0
"Замковая улица, 15",0
"Замковая улица, 16",0
"Замковая улица, 17",0
"Замковая улица, 19",0
"Замковая улица, 19А",0
"Замковая улица, 20",0
"Замковая улица, 21",0
"Замковая улица, 22",0
"Улица Захарова, 7",0
"Улица Захарова, 24",0
"Улица Захарова, 37/1",0
"Индурское шоссе, 2",0
"Индурское шоссе, 4",0
"Индурское шоссе, 6",0
"Индурское шоссе, 10",0
"Индурское шоссе, 12",0
"Индурское шоссе, 14",0
"Улица Кабяка, 1",0
"Улица Кабяка, 2",0
"Улица Кабяка, 3",0
"Улица Кабяка, 3А",0
"Улица Кабяка, 3Б",0
"Улица Кабяка, 4 корп. 1",0
"Улица Кабяка, 4 корп. 2",0
"Улица Кабяка, 4 корп. 3",0
"Улица Кабяка, 6",0
"Улица Кабяка, 7",0
"Улица Кабяка, 7А",0
"Улица Кабяка, 8",0
"Улица Кабяка, 8 корп. 1",0
"Улица Кабяка, 8 корп. 2",0
"Улица Кабяка, 8 корп. 3",0
"Улица Кабяка, 8 корп. 4",0
"Улица Кабяка, 9",0
"Улица Кабяка, 9Б",0
"Улица Кабяка, 10",0
"Улица Кабяка, 10 корп. 1",0
"Улица Кабяка, 10 корп. 2",0
"Улица Кабяка, 10 корп. 3",0
"Улица Кабяка, 10 корп. 4",0
"Улица Кабяка, 11",0
"Улица Кабяка, 11А",0
"Улица Кабяка, 12 корп. 1",0
"Улица Кабяка, 12 корп. 2",0
"Улица Кабяка, 12 корп. 3",0
"Улица Кабяка, 12 корп. 4",0
"Улица Кабяка, 14",0
"Улица Кабяка, 15",0
"Улица Кабяка, 15А",0
"Улица Кабяка, 17",0
"Улица Кабяка, 18",0
"Улица Кабяка, 19",0
"Улица Кабяка, 21",0
"Улица Кабяка, 21А",0
"Улица Кабяка, 25",0
"Улица Кабяка, 27",0
"Улица Кабяка, 29",0
"Улица Кабяка, 29А",0
"Улица Кабяка, 31",0
"Улица Кабяка, 33",0
"Улица Кабяка, 35",0
"Улица Кабяка, 37",0
"Улица Кабяка, 41",0
"Улица Кабяка, 43",0
"Улица Кабяка, 45",0
"Улица Кабяка, 186",0
"Улица Калиновского, 1",0
"Улица Калиновского, 48",0
"Улица Калиновского, 50",0
"Улица Калиновского, 56",0
"Улица Калиновского, 57",0
"Улица Калиновского, 58",0
"Улица Калиновского, 59",0
"Улица Калиновского, 61",0
"Улица Калиновского, 62",0
"Улица Калиновского, 63",0
"Улица Калиновского, 63 корп. 1",0
"Улица Калиновского, 67",0
"Улица Калиновского, 71",0
"Улица Калиновского, 73",0
"Калючинская улица, 7",0
"Калючинская улица, 9",0
"Калючинская улица, 11",0
"Калючинская улица, 21",0
"Калючинская улица, 23",0
"Улица Карбышева, 3",0
"Улица Карбышева, 21",0
"Улица Карла Маркса, 3",0
"Улица Карла Маркса, 4 / Городничанская улица, 35",0
"Улица Карла Маркса, 5",0
"Улица Карла Маркса, 6",0
"Улица Карла Маркса, 8",0
"Улица Карла Маркса, 12",0
"Улица Карла Маркса, 14",0
"Улица Карла Маркса, 18",0
"Улица Карла Маркса, 20",0
"Улица Карла Маркса, 22",0
"Улица Карла Маркса, 27",0
"Улица Карла Маркса, 28",0
"Улица Карла Маркса, 29 корп. 1",0
"Улица Карла Маркса, 30",0
"Улица Карла Маркса, 32",0
"Улица Карла Маркса, 34",0
"Улица Карла Маркса, 36",0
"Улица Карла Маркса, 36 корп. 1",0
"Улица Кирова, 3",0
"Улица Кирова, 8",0
"Улица Кирова, 11",0
"Улица Кирова, 13",0
"Улица Кирова, 14",0
"Улица Кирова, 30",0
"Улица Кирова, 32",0
"Улица Кирова, 34",0
"Улица Кирова, 36",0
"Улица Кирова, 40",0
"Улица Кирова, 42",0
"Улица Кирова, 45",0
"Кленовая улица, 21",0
"Кленовая улица, 23",0
"Кленовая улица, 25",0
"Кленовая улица, 29",0
"Кленовая улица, 31",0
"Кленовая улица, 33",0
"Кленовая улица, 35",0
"Кленовая улица, 35 корп. 1",0
"Кленовая улица, 37",0
"Проспект Клецкова, 1",0
"Проспект Клецкова, 2",0
"Проспект Клецкова, 3",0
"Проспект Клецкова, 4",0
"Проспект Клецкова, 5",0
"Проспект Клецкова, 5А",0
"Проспект Клецкова, 6",0
"Проспект Клецкова, 7",0
"Проспект Клецкова, 8",0
"Проспект Клецкова, 9",0
"Проспект Клецкова, 10",0
"Проспект Клецкова, 11",0
"Проспект Клецкова, 12",0
"Проспект Клецкова, 13",0
"Проспект Клецкова, 13А",0
"Проспект Клецкова, 13 корп. 1",0
"Проспект Клецкова, 14",0
"Проспект Клецкова, 16",0
"Проспект Клецкова, 17",0
"Проспект Клецкова, 18",0
"Проспект Клецкова, 19",0
"Проспект Клецкова, 20",0
"Проспект Клецкова, 21",0
"Проспект Клецкова, 21А",0
"Проспект Клецкова, 21 корп. 1",0
"Проспект Клецкова, 22",0
"Проспект Клецкова, 23",0
"Проспект Клецкова, 23 корп. 1",0
"Проспект Клецкова, 23 корп. 2",0
"Проспект Клецкова, 24",0
"Проспект Клецкова, 25",0
"Проспект Клецкова, 29",0
"Проспект Клецкова, 30",0
"Проспект Клецкова, 32",0
"Проспект Клецкова, 35",0
"Проспект Клецкова, 36",0
"Проспект Клецкова, 37",0
"Проспект Клецкова, 38",0
"Проспект Клецкова, 39",0
"Проспект Клецкова, 40",0
"Проспект Клецкова, 41",0
"Проспект Клецкова, 42",0
"Проспект Клецкова, 43",0
"Проспект Клецкова, 44",0
"Проспект Клецкова, 46",0
"Проспект Клецкова, 48",0
"Проспект Клецкова, 50",0
"Проспект Клецкова, 52",0
"Проспект Клецкова, 54",0
"Проспект Клецкова, 56",0
"Проспект Клецкова, 58",0
"Проспект Клецкова, 60",0
"Проспект Клецкова, 62",0
"Проспект Клецкова, 66",0
"Проспект Клецкова, 68",0
"Проспект Клецкова, 70",0
"Проспект Клецкова, 72",0
"Проспект Клецкова, 74",0
"Проспект Клецкова, 76",0
"Проспект Клецкова, 78",0
"Проспект Клецкова, 80",0
"Проспект Клецкова, 82",0
"Проспект Клецкова, 84",0
"Проспект Клецкова, 86",0
"Проспект Клецкова, 88",0
"Проспект Клецкова, 90",0
"Проспект Клецкова, 100",0
"Проспект Клецкова, 102",0
"Проспект Клецкова, 104",0
"Проспект Клецкова, 106",0
"Проспект Клецкова, 115",0
"Улица Коложа, 6",0
"Улица Комарова, 30",0
"Улица Комарова, 34",0
"Комсомольская улица, 4",0
"Проспект Космонавтов, 4Б",0
"Проспект Космонавтов, 6",0
"Проспект Космонавтов, 8",0
"Проспект Космонавтов, 10Б",0
"Проспект Космонавтов, 24",0
"Проспект Космонавтов, 31",0
"Проспект Космонавтов, 33",0
"Проспект Космонавтов, 34А",0
"Проспект Космонавтов, 36 корп. 1",0
"Проспект Космонавтов, 36 корп. 2",0
"Проспект Космонавтов, 37Б",0
"Проспект Космонавтов, 38А",0
"Проспект Космонавтов, 38Б",0
"Проспект Космонавтов, 39Б",0
"Проспект Космонавтов, 50",0
"Проспект Космонавтов, 64",0
"Проспект Космонавтов, 66",0
"Проспект Космонавтов, 81",0
"Улица Костюшко, 2",0
"Улица Костюшко, 2А",0
"Улица Костюшко, 6",0
"Улица Кохановского, 15",0
"Улица Кохановского, 17",0
"Улица Кохановского, 19",0
"Красноармейская улица, 3",0
"Красноармейская улица, 7А",0
"Красноармейская улица, 69",0
"Красноармейская улица, 71",0
"Красноармейская улица, 81",0
"Улица Кремко, 3",0
"Улица Кремко, 7",0
"Улица Кремко, 9",0
"Улица Кремко, 11",0
"Улица Кремко, 12",0
"Улица Кремко, 12А",0
"Улица Кремко, 13",0
"Улица Кремко, 14",0
"Улица Кремко, 14А",0
"Улица Кремко, 15",0
"Улица Кремко, 16",0
"Улица Кремко, 17",0
"Улица Кремко, 17А",0
"Улица Кремко, 19",0
"Улица Кремко, 19А",0
"Улица Кремко, 23",0
"Улица Кремко, 25",0
"Улица Кремко, 27",0
"Улица Кремко, 27А",0
"Улица Кремко, 29",0
"Купальский переулок, 1",0
"Улица Курчатова, 1А",0
"Улица Курчатова, 7",0
"Улица Курчатова, 10",0
"Улица Курчатова, 19",0
"Улица Курчатова, 22",0
"Улица Курчатова, 24",0
"Улица Курчатова, 27",0
"Улица Курчатова, 29",0
"Улица Курчатова, 30",0
"Улица Курчатова, 32",0
"Улица Курчатова, 34 корп. 1",0
"Улица Курчатова, 34 корп. 3",0
"Улица Курчатова, 34 корп. 4",0
"Улица Курчатова, 36 корп. 4",0
"Улица Курчатова, 38",0
"Улица Курчатова, 41",0
"Улица Курчатова, 42",0
"Улица Курчатова, 43",0
"Улица Курчатова, 44",0
"Левонабережная улица, 23",0
"Левонабережная улица, 24",0
"Левонабережная улица, 29",0
"Улица Лелевеля, 22",0
"Площадь Ленина, 2",0
"Улица Ленина, 6",0
"Улица Ленина, 9",0
"Улица Ленина, 13",0
"Улица Ленина, 22",0
"Улица Ленина, 23",0
"Улица Ленина, 26",0
"Улица Ленина, 30",0
"Улица Ленина, 32",0
Бульвар Ленинского Комсомола,0
"Бульвар Ленинского Комсомола, 4",0
"Бульвар Ленинского Комсомола, 8",0
"Бульвар Ленинского Комсомола, 10",0
"Бульвар Ленинского Комсомола, 14",0
"Бульвар Ленинского Комсомола, 18",0
"Бульвар Ленинского Комсомола, 20",0
"Бульвар Ленинского Комсомола, 21",0
"Бульвар Ленинского Комсомола, 24",0
"Бульвар Ленинского Комсомола, 25",0
"Бульвар Ленинского Комсомола, 29",0
"Бульвар Ленинского Комсомола, 30",0
"Бульвар Ленинского Комсомола, 31",0
"Бульвар Ленинского Комсомола, 32",0
"Бульвар Ленинского Комсомола, 32 корп. 1",0
"Бульвар Ленинского Комсомола, 34",0
"Бульвар Ленинского Комсомола, 34 корп. 1",0
"Бульвар Ленинского Комсомола, 36",0
"Бульвар Ленинского Комсомола, 36А",0
"Бульвар Ленинского Комсомола, 37",0
"Бульвар Ленинского Комсомола, 40",0
"Бульвар Ленинского Комсомола, 40А",0
"Бульвар Ленинского Комсомола, 41",0
"Бульвар Ленинского Комсомола, 42",0
"Бульвар Ленинского Комсомола, 42А",0
"Бульвар Ленинского Комсомола, 44А",0
"Бульвар Ленинского Комсомола, 44Б",0
"Бульвар Ленинского Комсомола, 45",0
"Бульвар Ленинского Комсомола, 46",0
"Бульвар Ленинского Комсомола, 49",0
"Бульвар Ленинского Комсомола, 52 корп. 1",0
"Бульвар Ленинского Комсомола, 53",0
"Улица Лермонтова, 8",0
"Лидская улица, 1",0
"Лидская улица, 3",0
"Лидская улица, 3А",0
"Лидская улица, 19",0
"Лидская улица, 33",0
"Лидская улица, 33А",0
"Лидская улица, 33Б",0
"Лидская улица, 35",0
"Лидская улица, 35А",0
"Лидская улица, 37",0
"Лидская улица, 42",0
"Лидская улица, 42А",0
"Улица Лизы Чайкиной, 10",0
"Улица Лизы Чайкиной, 14",0
"Улица Лизы Чайкиной, 16",0
"Улица Лизы Чайкиной, 18",0
"Улица Лизы Чайкиной, 20",0
"Улица Лизы Чайкиной, 22",0
"Улица Лизы Чайкиной, 24",0
"Улица Лизы Чайкиной, 29",0
"Улица Лизы Чайкиной, 31",0
"Улица Лизы Чайкиной, 33",0
"Улица Лизы Чайкиной, 41",0
"Улица Лизы Чайкиной, 45",0
"Улица Лизы Чайкиной, 51",0
"Улица Лиможа, 1 корп. 4",0
"Улица Лиможа, 3",0
"Улица Лиможа, 5",0
"Улица Лиможа, 8",0
"Улица Лиможа, 11",0
"Улица Лиможа, 12",0
"Улица Лиможа, 13 корп. 1",0
"Улица Лиможа, 15 корп. 1",0
"Улица Лиможа, 15 корп. 2",0
"Улица Лиможа, 17 корп. 1",0
"Улица Лиможа, 17 корп. 2",0
"Улица Лиможа, 17 корп. 3",0
"Улица Лиможа, 18",0
"Улица Лиможа, 20",0
"Улица Лиможа, 21",0
"Улица Лиможа, 22",0
"Улица Лиможа, 23",0
"Улица Лиможа, 23А",0
"Улица Лиможа, 24",0
"Улица Лиможа, 25",0
"Улица Лиможа, 26",0
"Улица Лиможа, 27/1",0
"Улица Лиможа, 27 корп. 2",0
"Улица Лиможа, 27 корп. 3",0
"Улица Лиможа, 28",0
"Улица Лиможа, 28А",0
"Улица Лиможа, 30",0
"Улица Лиможа, 32Б",0
"Улица Лиможа, 34",0
"Улица Лиможа, 36",0
"Улица Лиможа, 38",0
"Улица Лиможа, 39",0
"Улица Лиможа, 44",0
"Улица Лиможа, 45 корп. 1",0
"Улица Лиможа, 45 корп. 2",0
"Улица Лиможа, 46",0
"Улица Лиможа, 48",0
"Улица Лиможа, 48/1",0
"Улица Лиможа, 48/2",0
"Улица Лиможа, 50",0
"Улица Лиможа, 51",0
"Магистральная улица, 12А",0
"Магистральная улица, 14",0
"Магистральная улица, 16",0
"Магистральная улица, 18",0
"Магистральная улица, 20",0
"Магистральная улица, 24",0
"Магистральная улица, 26",0
"Улица Максима Горького, 6",0
"Улица Максима Горького, 47",0
"Улица Максима Горького, 53",0
"Улица Максима Горького, 61",0
"Улица Максима Горького, 64",0
"Улица Максима Горького, 71А",0
"Улица Максима Горького, 75",0
"Улица Максима Горького, 80",0
"Улица Максима Горького, 87Б",0
"Улица Максима Горького, 89",0
"Улица Максима Горького, 91",0
"Малая Троицкая улица, 5",0
"Малая Троицкая улица, 7",0
"Малыщинская улица, 2",0
"Малыщинская улица, 2А",0
"Малыщинская улица, 10",0
"Малыщинская улица, 10А",0
"Малыщинская улица, 12",0
"Малыщинская улица, 27",0
"Малыщинская улица, 27А",0
"Малыщинская улица, 31",0
"Малыщинская улица, 33",0
"Малыщинская улица, 39",0
"Малыщинская улица, 41",0
"Малыщинская улица, 43",0
"Переулок Менделеева, 6",0
"Улица Менделеева, 37",0
"Улица Менделеева, 39",0
"Улица Мира, 2",0
"Улица Мира, 4",0
"Улица Мира, 5",0
"Улица Мира, 6",0
"Улица Мира, 8",0
"Улица Мира, 12",0
"Улица Мира, 15",0
"Улица Митрополита Филарета, 25",0
"Улица Михася Василька, 10",0
"Улица Михася Василька, 10 корп. 1",0
"Улица Михася Василька, 12",0
"Улица Михася Василька, 14",0
"Улица Михася Василька, 23",0
"Улица Мицкевича, 1",0
"Улица Мицкевича, 2",0
"Улица Мицкевича, 4",0
"Улица Мицкевича, 6",0
"Улица Мицкевича, 7",0
"Улица Мицкевича, 9",0
"Улица Мицкевича, 12",0
"Улица Мицкевича, 14",0
"Улица Мицкевича, 16",0
"Улица Мицкевича, 20",0
"Молодёжная улица, 3",0
"Мостовая улица, 29",0
"Мостовая улица, 33",0
"Мостовая улица, 35",0
"Мостовая улица, 37",0
"Мостовая улица, 39",0
"Мостовая улица, 41",0
"Улица Найдуса, 1",0
"Улица Наполеона Орды, 1",0
"Улица Наполеона Орды, 1А",0
"Улица Наполеона Орды, 2",0
"Улица Наполеона Орды, 4",0
"Улица Наполеона Орды, 4А",0
"Улица Наполеона Орды, 5",0
"Улица Наполеона Орды, 6",0
"Улица Наполеона Орды, 8",0
"Улица Наполеона Орды, 8А",0
"Улица Наполеона Орды, 9",0
"Улица Наполеона Орды, 10",0
"Улица Наполеона Орды, 12",0
"Улица Наполеона Орды, 14",0
"Улица Наполеона Орды, 14А",0
"Улица Наполеона Орды, 19",0
"Улица Наполеона Орды, 21",0
"Улица Наполеона Орды, 24",0
"Улица Огинского, 1",0
"Улица Огинского, 3",0
"Улица Огинского, 3А",0
"Улица Огинского, 5",0
"Улица Огинского, 7",0
"Улица Огинского, 9",0
"Улица Огинского, 11",0
"Улица Огинского, 15",0
"Улица Огинского, 26",0
"Улица Огинского, 28",0
"Улица Огинского, 28А",0
"Улица Огинского, 30",0
"Улица Огинского, 32",0
"Улица Огинского, 32А",0
"Улица Огинского, 34",0
"Улица Огинского, 36",0
"Улица Огинского, 38",0
"Улица Огинского, 40",0
"Улица Огинского, 42",0
"Улица Огинского, 44",0
"Улица Огинского, 44А",0
"Улица Огинского, 46",0
"Улица Огинского, 48",0
"Улица Огинского, 50",0
"Улица Огинского, 50А",0
"Огородная улица, 2",0
"Улица Элизы Ожешко, 11",0
"Улица Элизы Ожешко, 15",0
"Улица Элизы Ожешко, 17",0
"Улица Элизы Ожешко, 19",0
"Улица Элизы Ожешко, 23",0
"Улица Элизы Ожешко, 36",0
"Озёрское шоссе, 4А",0
"Озёрское шоссе, 41",0
"Октябрьская улица, 1 / Советская улица, 4",0
"Октябрьская улица, 3",0
"Октябрьская улица, 4",0
"Окульная улица, 8",0
"Окульная улица, 21",0
"Улица Ольги Соломовой, 36",0
"Улица Ольги Соломовой, 38",0
"Улица Ольги Соломовой, 40",0
"Улица Ольги Соломовой, 42",0
"Улица Ольги Соломовой, 44",0
"Улица Ольги Соломовой, 50",0
"Улица Ольги Соломовой, 52",0
"Улица Ольги Соломовой, 54",0
"Улица Ольги Соломовой, 58",0
"Улица Ольги Соломовой, 60",0
"Улица Ольги Соломовой, 68",0
"Улица Ольги Соломовой, 70",0
"Улица Ольги Соломовой, 72",0
"Улица Ольги Соломовой, 74",0
"Улица Ольги Соломовой, 78",0
"Улица Ольги Соломовой, 80",0
"Улица Ольги Соломовой, 86",0
"Улица Ольги Соломовой, 102",0
"Улица Ольги Соломовой, 107А",0
"Улица Ольги Соломовой, 108",0
"Улица Ольги Соломовой, 135",0
"Улица Ольги Соломовой, 139",0
"Улица Ольги Соломовой, 139А",0
"Улица Ольги Соломовой, 141",0
"Улица Ольги Соломовой, 141А",0
"Улица Ольги Соломовой, 143",0
"Улица Ольги Соломовой, 145",0
"Улица Ольги Соломовой, 145А",0
"Улица Ольги Соломовой, 147",0
"Улица Ольги Соломовой, 149",0
"Улица Ольги Соломовой, 151",0
"Улица Ольги Соломовой, 151А",0
"Улица Ольги Соломовой, 153",0
"Улица Ольги Соломовой, 153А",0
"Улица Ольги Соломовой, 155",0
"Улица Островского, 2А",0
"Отечественная улица, 11",0
"Отечественная улица, 13",0
"Отечественная улица, 15",0
"Отечественная улица, 23",0
"Отечественная улица, 25",0
"Отечественная улица, 27",0
"Улица Павловского, 2",0
"Улица Парижской Коммуны, 1А",0
"Улица Парижской Коммуны, 2 / Улица Стефана Батория, 6",0
"Улица Парижской Коммуны, 6",0
"Улица Парижской Коммуны, 12",0
"Улица Парижской Коммуны, 14",0
"Улица Парижской Коммуны, 16",0
"Улица Парижской Коммуны, 18",0
"Улица Парижской Коммуны, 20",0
"Переломская улица, 39",0
"Улица Пестрака, 4",0
"Улица Пестрака, 10",0
"Улица Пестрака, 30",0
"Улица Пестрака, 34А",0
"Улица Пестрака, 34 корп. 1",0
"Улица Пестрака, 38",0
"Улица Пестрака, 38 корп. 1",0
"Улица Пестрака, 40",0
"Улица Пестрака, 42",0
"Улица Пестрака, 42 корп. 1",0
"Улица Пестрака, 44",0
"Улица Пестрака, 44 корп. 1",0
"Улица Пестрака, 46",0
"Улица Пестрака, 48",0
"Улица Пестрака, 50",0
"Улица Пестрака, 54",0
"Улица Пестрака, 58",0
"Улица Пестрака, 60",0
"Улица Победы, 5",0
"Улица Победы, 16",0
"Улица Победы, 34",0
"Улица Победы, 36",0
"Подольная улица, 2",0
"Подольная улица, 4",0
"Подольная улица, 6",0
"Подольная улица, 8",0
"Подольная улица, 8А",0
"Подольная улица, 10",0
"Подольная улица, 10А",0
"Подольная улица, 48",0
"Переулок Поповича, 6",0
"Переулок Поповича, 8",0
"Переулок Поповича, 10",0
"Улица Поповича, 1",0
"Улица Поповича, 1Б",0
"Улица Поповича, 2",0
"Улица Поповича, 5",0
"Улица Поповича, 7",0
"Улица Поповича, 9",0
"Улица Поповича, 13",0
"Улица Поповича, 15",0
"Улица Поповича, 17",0
"Улица Поповича, 19",0
"Улица Поповича, 21",0
"Улица Поповича, 29",0
"Улица Поповича, 31",0
"Улица Поповича, 32",0
"Улица Поповича, 33",0
"Улица Поповича, 35",0
"Улица Поповича, 37",0
"Улица Поповича, 39",0
"Пороховая улица, 9",0
"Пригородная улица, 3А",0
"Прогулочная улица, 17",0
"Пролетарская улица, 2",0
"Пролетарская улица, 2А",0
"Пролетарская улица, 4",0
"Пролетарская улица, 18А",0
"Пролетарская улица, 54",0
"Пролетарская улица, 63",0
"Пролетарская улица, 65",0
"Пролетарская улица, 67",0
"Пролетарская улица, 67 корп. 1",0
"Пролетарская улица, 67 корп. 2",0
"Пролетарская улица, 69",0
"Пролетарская улица, 69А",0
"Улица Пушкина, 10",0
"Улица Пушкина, 40",0
"Улица Пушкина, 44",0
"Улица Пушкина, 46",0
"Улица Пушкина, 48",0
"Улица Пушкина, 50",0
"Улица Пушкина, 52",0
"Улица Пушкина, 54",0
"Улица Пушкина, 56",0
"Рабочая улица, 17",0
"Рабочая улица, 23",0
"Рабочая улица, 25",0
"Улица Реймонта, 18",0
"Улица Реймонта, 19",0
"Улица Реймонта, 23",0
"Улица Реймонта, 24",0
"Улица Реймонта, 29",0
"Улица Реймонта, 33",0
"Улица Репина, 1А",0
"Улица Репина, 2",0
"Улица Репина, 7",0
"Улица Репина, 17",0
"Улица Репина, 35",0
"Улица Репина, 43",0
"Улица Свердлова, 2",0
"Улица Свердлова, 3",0
"Улица Свердлова, 4",0
"Улица Свердлова, 7А",0
"Улица Свердлова, 11",0
"Улица Свердлова, 17",0
"Улица Серафимовича, 2",0
"Улица Серафимовича, 45",0
"Улица Серафимовича, 49",0
"Улица Серафимовича, 66",0
"Улица Славинского, 4Б",0
"Улица Славинского, 7",0
"Улица Совестких Пограничников, 116А",0
"Советская площадь, 2",0
"Советская площадь, 4А",0
"Советская площадь, 6",0
"Советская улица, 1",0
"Советская улица, 3",0
"Советская улица, 5",0
"Советская улица, 6",0
"Советская улица, 7",0
"Советская улица, 8",0
"Советская улица, 9",0
"Советская улица, 10",0
"Советская улица, 12",0
"Советская улица, 15",0
"Советская улица, 17",0
"Советская улица, 18",0
"Советская улица, 23",0
"Советская улица, 25",0
"Советская улица, 27",0
"Советская улица, 29",0
"Советская улица, 31",0
"Улица Советских Пограничников, 17",0
"Улица Советских Пограничников, 51/1",0
"Улица Советских Пограничников, 53",0
"Улица Советских Пограничников, 61",0
"Улица Советских Пограничников, 63",0
"Улица Советских Пограничников, 65",0
"Улица Советских Пограничников, 73",0
"Улица Советских Пограничников, 94",0
"Улица Советских Пограничников, 100",0
"Улица Советских Пограничников, 114",0
"Улица Советских Пограничников, 116",0
"Улица Советских Пограничников, 116/1",0
"Улица Советских Пограничников, 120",0
"Улица Советских Пограничников, 122",0
"Социалистическая улица, 4",0
"Социалистическая улица, 6",0
"Социалистическая улица, 10",0
"Социалистическая улица, 12",0
"Социалистическая улица, 14",0
"Социалистическая улица, 21",0
"Социалистическая улица, 24",0
"Социалистическая улица, 26",0
"Социалистическая улица, 28",0
"Социалистическая улица, 32",0
"Социалистическая улица, 35",0
"Социалистическая улица, 36 / Улица Кирова, 18",0
"Социалистическая улица, 37",0
"Социалистическая улица, 44",0
"Социалистическая улица, 49",0
"Социалистическая улица, 51",0
"Социалистическая улица, 51А",0
"Социалистическая улица, 58 / Улица Свердлова, 19",0
"Старомалыщинская улица, 98",0
"Старомалыщинская улица, 102",0
"Старомалыщинская улица, 102А",0
"Старомалыщинская улица, 104",0
"Старомалыщинская улица, 104А",0
"Старомалыщинская улица, 106",0
"Улица Стефана Батория, 8",0
"Улица Стефана Батория, 8А",0
"Стрелковая улица, 7",0
"Стрелковая улица, 11",0
"Стрелковая улица, 11А",0
"Стрелковая улица, 19",0
"Проспект Строителей, 3",0
"Проспект Строителей, 4",0
"Проспект Строителей, 5",0
"Проспект Строителей, 6",0
"Проспект Строителей, 8",0
"Проспект Строителей, 9",0
"Проспект Строителей, 10",0
"Проспект Строителей, 13",0
"Проспект Строителей, 17",0
"Проспект Строителей, 17А",0
"Проспект Строителей, 21",0
"Проспект Строителей, 23",0
"Проспект Строителей, 25",0
"Проспект Строителей, 27",0
"Проспект Строителей, 29",0
"Проспект Строителей, 29А",0
"Проспект Строителей, 31",0
"Проспект Строителей, 33",0
"Студенческая улица, 6",0
"Студенческая улица, 9",0
"Студенческая улица, 11",0
"Улица Суворова, 27",0
"Улица Суворова, 76А",0
"Улица Суворова, 135",0
"Улица Суворова, 143",0
"Улица Суворова, 218",0
"Улица Суворова, 222",0
"Улица Суворова, 252",0
"Улица Суворова, 254",0
"Улица Суворова, 302",0
"Улица Суворова, 302А",0
"Улица Суворова, 304",0
"Улица Суворова, 304А",0
"Улица Суворова, 306",0
"Улица Суворова, 306А",0
"Улица Суворова, 308А",0
"Улица Суворова, 310",0
"Улица Суворова, 312",0
"Улица Суворова, 312А",0
"Улица Суворова, 316",0
"Улица Суворова, 316А",0
"Улица Суворова, 318",0
"Улица Суворова, 318А",0
"Улица Сухомбаева, 1",0
"Улица Сухомбаева, 11",0
"Улица Сухомбаева, 15",0
"Улица Сухомбаева, 26",0
"Улица Счастного, 38",0
"Улица Тавлая, 28Е",0
"Улица Тавлая, 34 корп. 3",0
"Улица Тавлая, 40",0
"Улица Тавлая, 42",0
"Улица Тавлая, 44",0
"Улица Тавлая, 46",0
"Улица Тавлая, 46А",0
"Улица Тавлая, 46Б",0
"Улица Тавлая, 50",0
"Улица Тавлая, 50Б",0
"Улица Тавлая, 52",0
"Улица Тавлая, 58",0
"Улица Тавлая, 61",0
"Улица Тавлая, 63",0
"Улица Тавлая, 67",0
"Улица Тавлая, 67А",0
"Улица Тавлая, 71А",0
"Улица Тавлая, 71Б",0
"Телеграфная улица, 14",0
"Телеграфный переулок, 15а",0
"Улица Тельмана, 4",0
"Улица Тельмана, 5",0
"Улица Тельмана, 9 / Городничанская улица, 13",0
"Улица Тельмана, 10 / Городничанская улица, 11",0
"Улица Терешковой, 24",0
"Улица Терешковой, 27",0
"Улица Терешковой, 30",0
"Улица Терешковой, 38",0
"Улица Тимирязева, 1",0
"Улица Тимирязева, 8",0
"Улица Титова, 11А",0
"Улица Титова, 28",0
"Улица Томина, 16",0
"Улица Томина, 18",0
"Улица Томина, 18А",0
"Улица Томина, 20",0
"Улица Томина, 22",0
"Улица Томина, 24",0
"Улица Томина, 28",0
"Транспортная улица, 3",0
"Улица Урицкого, 1",0
"Улица Урицкого, 13",0
"Улица Урицкого, 14А",0
"Улица Урицкого, 18/1",0
"Улица Урицкого, 24",0
"Улица Урицкого, 26",0
"Улица Фолюш, инв. 15/11",0
"Улица Фолюш, инв. 15/351",0
"Улица Фолюш, инв. 15/90",0
"Улица Фолюш, 15/1",0
"Улица Фолюш, 15/10",0
"Улица Фолюш, 15/114",0
"Улица Фолюш, 15/167",0
"Улица Фолюш, 15/17",0
"Улица Фолюш, 15/180",0
"Улица Фолюш, 15/181",0
"Улица Фолюш, 15/182",0
"Улица Фолюш, 15/183",0
"Улица Фолюш, 15/183А",0
"Улица Фолюш, 15/184",0
"Улица Фолюш, 15/185",0
"Улица Фолюш, 15/186",0
"Улица Фолюш, 15/186А",0
"Улица Фолюш, 15/187",0
"Улица Фолюш, 15/188",0
"Улица Фолюш, 15/189",0
"Улица Фолюш, 15/190",0
"Улица Фолюш, 15/191",0
"Улица Фолюш, 15/191А",0
"Улица Фолюш, 15/193",0
"Улица Фолюш, 15/194",0
"Улица Фолюш, 15/195",0
"Улица Фолюш, 15/196",0
"Улица Фолюш, 15/197",0
"Улица Фолюш, 15/198",0
"Улица Фолюш, 15/199",0
"Улица Фолюш, 15/2",0
"Улица Фолюш, 15/200",0
"Улица Фолюш, 15/200А",0
"Улица Фолюш, 15/201",0
"Улица Фолюш, 15/201А",0
"Улица Фолюш, 15/201Б",0
"Улица Фолюш, 15/203",0
"Улица Фолюш, 15/205",0
"Улица Фолюш, 15/206",0
"Улица Фолюш, 15/207",0
"Улица Фолюш, 15/208",0
"Улица Фолюш, 15/21",0
"Улица Фолюш, 15/210",0
"Улица Фолюш, 15/211",0
"Улица Фолюш, 15/212",0
"Улица Фолюш, 15/212А",0
"Улица Фолюш, 15/213",0
"Улица Фолюш, 15/214",0
"Улица Фолюш, 15/215",0
"Улица Фолюш, 15/216",0
"Улица Фолюш, 15/216А",0
"Улица Фолюш, 15/217",0
"Улица Фолюш, 15/218",0
"Улица Фолюш, 15/22",0
"Улица Фолюш, 15/226",0
"Улица Фолюш, 15/230",0
"Улица Фолюш, 15/285",0
"Улица Фолюш, 15/29",0
"Улица Фолюш, 15/3",0
"Улица Фолюш, 15/326",0
"Улица Фолюш, 15/336",0
"Улица Фолюш, 15/34",0
"Улица Фолюш, 15/35",0
"Улица Фолюш, 15/358",0
"Улица Фолюш, 15/36",0
"Улица Фолюш, 15/37",0
"Улица Фолюш, 15/5",0
"Улица Фолюш, 15/51",0
"Улица Фолюш, 15/52",0
"Улица Фолюш, 15/83",0
"Улица Фолюш, 15/84",0
"Улица Фолюш, 21",0
"Улица Фолюш, 23",0
"Улица Фолюш, 25",0
"Улица Фомичёва, 16",0
"Улица Фомичёва, 17",0
Улица Франтишка Богушевича,0
"Улица Франтишка Богушевича, 24",0
"Улица Франтишка Богушевича, 32",0
"Улица Франтишка Богушевича, 52",0
"Улица Химиков, 1",0
"Улица Химиков, 3",0
"Улица Химиков, 3А",0
"Улица Химиков, 5",0
"Улица Химиков, 6",0
"Улица Химиков, 8",0
"Улица Химиков, 10",0
"Улица Химиков, 12",0
"Улица Химиков, 14",0
"Улица Химиков, 16",0
"Улица Химиков, 24",0
"Центральная улица, 26",0
"Улица Щорса, 24",0
"Улица Щорса, 27",0
"Улица Щорса, 28",0
"Улица Щорса, 29",0
"Улица Щорса, 30",0
"Улица Щорса, 30А",0
"Улица Щорса, 30Б",0
"Улица Щорса, 30В",0
"Улица Щорса, 31",0
"Улица Щорса, 32",0
"Улица Щорса, 32А",0
"Улица Щорса, 34",0
"Улица Щорса, 35",0
"Улица Щорса, 36",0
"Улица Щорса, 37",0
"Улица Щорса, 38",0
"Улица Щорса, 38А",0
"Улица Щорса, 41",0
"Улица Щорса, 43",0
"Улица Щорса, 44",0
"Улица Щорса, 45",0
"Улица Щорса, 47",0
"Улица Щорса, 49",0
"Улица Щорса, 50",0
"Улица Щорса, 50А",0
"Улица Щорса, 50 корп. 1",0
"Улица Щорса, 50 корп. 2",0
"Улица Щорса, 52",0
"Улица Щорса, 54",0
"Улица Щорса, 56",0
"Улица Щорса, 58",0
"Улица Элизы Ожешко, 1",0
"Улица Элизы Ожешко, 2",0
"Улица Элизы Ожешко, 3",0
"Улица Элизы Ожешко, 6а",0
"Улица Элизы Ожешко, 8",0
"Улица Элизы Ожешко, 9",0
"Улица Элизы Ожешко, 22",0
"Улица Элизы Ожешко, 30",0
"Улица Элизы Ожешко, 33",0
"Улица Элизы Ожешко, 35",0
"Улица Элизы Ожешко, 40",0
"Улица Элизы Ожешко, 42",0
"Улица Элизы Ожешко, 45",0
"Улица Элизы Ожешко, 47",0
"Улица Элизы Ожешко, 49",0
"Южная улица, 1",0
"Южная улица, 1Б",0
"Южная улица, 3",0
"Южная улица, 3А",0
"Южная улица, 3Б",0
"Южная улица, 7",0
"Южная улица, 9",0
"Южная улица, 9А",0
"Южная улица, 9Б",0
"Южная улица, 11",0
"Южная улица, 12",0
"Южная улица, 12А",0
"Южная улица, 13",0
"Южная улица, 15",0
"Южная улица, 15А",0
"Южная улица, 17",0
"Южная улица, 19",0
"Южная улица, 19А",0
"Южная улица, 20",0
"Южная улица, 21",0
"Южная улица, 21А",0
"Южная улица, 22",0
"Южная улица, 23",0
"Южная улица, 23А",0
"Южная улица,24",0
"Южная улица, 24А",0
"Южная улица, 25",0
"Южная улица, 25А",0
"Южная улица, 26",0
"Южная улица, 26А",0
"Южная улица, 28",0
"Южная улица, 28А",0
"Южная улица, 28Б",0
"Южный переулок, 1",0
"Южный переулок, 2",0
"Южный переулок, 3",0
"Южный переулок, 4",0
"Южный переулок, 5",0
"Южный переулок, 6",0
"Южный переулок, 7",0
"Проспект Янки Купалы, 39",0
"Проспект Янки Купалы, 43",0
"Проспект Янки Купалы, 48",0
"Проспект Янки Купалы, 49",0
"Проспект Янки Купалы, 49А",0
"Проспект Янки Купалы, 55",0
"Проспект Янки Купалы, 61",0
"Проспект Янки Купалы, 67",0
"Проспект Янки Купалы, 67А",0
"Проспект Янки Купалы, 69",0
"Проспект Янки Купалы, 71",0
"Проспект Янки Купалы, 72 корп. 1",0
"Проспект Янки Купалы, 72 корп. 2",0
"Проспект Янки Купалы, 72 корп. 3",0
"Проспект Янки Купалы, 72 корп. 4",0
"Проспект Янки Купалы, 73",0
"Проспект Янки Купалы, 74",0
"Проспект Янки Купалы, 78",0
"Проспект Янки Купалы, 80",0
"Проспект Янки Купалы, 80 корп. 3",0
"Проспект Янки Купалы, 82А",0
"Проспект Янки Купалы, 84",0
"Проспект Янки Купалы, 84 корп. 1",0
"Проспект Янки Купалы, 86",0
"Проспект Янки Купалы, 87",0
"Проспект Янки Купалы, 88",0
"Проспект Янки Купалы, 88А",0
"Проспект Янки Купалы, 88Б",0
"Проспект Янки Купалы, 90",0
"Проспект Янки Купалы, 96",0
"Проспект Янки Купалы, 98",0
"Яснопольская улица, 1 / Яснопольская улица, 1а",0
"Яснопольская улица, 12б корп. 1",0
"Яснопольская улица, 12б корп. 2",0
"Яснопольская улица, 12к4",0
"Яснопольская улица, 12к5",0
"Яснопольская улица, 12к8",0
"Яснопольская улица, 22",0
"Яснопольская улица, 22а",0
"Яснопольская улица, 23/5",0
"Яснопольская улица, 26к6",0
"Яснопольская улица, 26 корп. 11",0
"Яснопольская улица, 26 корп. 4",0
"Яснопольская улица, 26 корп. 8",0
